{
  "project_info": {
    "project_number": "185170403510",
    "project_id": "fir-login2-1769c",
    "storage_bucket": "fir-login2-1769c.appspot.com"
  },
  "client": [
    {
      "client_info": {
        "mobilesdk_app_id": "1:185170403510:android:38be6bd90c4094bed18617",
        "android_client_info": {
          "package_name": "com.example.firebasep"
        }
      },
      "oauth_client": [],
      "api_key": [
        {
          "current_key": "AIzaSyDMhiqkdrfsdaTT8upuyotNMQLNJm52r58"
        }
      ],
      "services": {
        "appinvite_service": {
          "other_platform_oauth_client": []
        }
      }
    },
    {
      "client_info": {
        "mobilesdk_app_id": "1:185170403510:android:f8ebdf5e61529a33d18617",
        "android_client_info": {
          "package_name": "com.example.logpark"
        }
      },
      "oauth_client": [],
      "api_key": [
        {
          "current_key": "AIzaSyDMhiqkdrfsdaTT8upuyotNMQLNJm52r58"
        }
      ],
      "services": {
        "appinvite_service": {
          "other_platform_oauth_client": []
        }
      }
    }
  ],
  "configuration_version": "1"
}